Empresa,Cargo,Localidade,Data
Central IT,Administrador de Banco de Dados,N√£o informado,Publicada em: 18/08/2023
ProcessMind,Analista Banco de Dados,S√£o Paulo - SP,Publicada em: 18/08/2023
Sabar√° Hospital Infantil,Cientista de Dados - FJLES,S√£o Paulo - SP,Publicada em: 18/08/2023
Scala,ENGENHEIRO DE DADOS PL,N√£o informado,Publicada em: 18/08/2023
Farmax,Engenheiro (a) de dados,Belo Horiz... - MG,Publicada em: 18/08/2023
"Quer fazer parte de uma rede para pesquisa, educa√ß√£o e inova√ß√£o com alcance global? Vem pra RNP!",Estagi√°rio de Ci√™ncia de Dados,Rio de Jan... - RJ,Publicada em: 18/08/2023
üöÄ A sele√ß√£o j√° est√° rolando na Track&Field! Vem com a gente?,Analista de dados (BI) | TRACK&FIELD | S√£o Paulo,S√£o Paulo - SP,Publicada em: 18/08/2023
Seedz,Analista de Dados S√™nior,Belo Horiz... - MG,Publicada em: 18/08/2023
Stefanini Group,Engenheiro de Dados S√™nior (Databricks),Sorocaba - SP,Publicada em: 18/08/2023
Bridge & Co.,L√≠der de Squad - Dados,S√£o Paulo - SP,Publicada em: 18/08/2023
Lanlink Inform√°tica,Analista de Banco de Dados e Linux,Fortaleza - CE,Publicada em: 18/08/2023
Quero Educa√ß√£o,Est√°gio em An√°lise de Dados,S√£o Jos√© d... - SP,Publicada em: 18/08/2023
Montreal & Tecnologia & Inova√ß√£o,Administrador de Banco de Dados ADABAS/NATURAL - Regional RJ,Rio de Jan... - RJ,Publicada em: 18/08/2023
BIRD Moving Business Forward,Analista de Dados e CRM,S√£o Paulo - SP,Publicada em: 18/08/2023
Porto,Analista de Intelig√™ncia de Dados S√™nior,S√£o Paulo - SP,Publicada em: 18/08/2023
GLOBAL HITSS,13539-Pessoa Administradora de Banco de Dados (DBA),S√£o Paulo - SP,Publicada em: 18/08/2023
Votorantim Cimentos,Analista de Dados,S√£o Paulo - SP,Publicada em: 17/08/2023
Strada,Engenheiro(a) de Dados S√™nior,S√£o Paulo - SP,Publicada em: 17/08/2023
Genial Investimentos,Cientista de Dados PL,S√£o Paulo - SP,Publicada em: 17/08/2023
White Martins,Estagi√°rio(a) de An√°lise de Dados - Diadema/SP,Diadema - SP,Publicada em: 17/08/2023
REDE CACIQUE,ATENDENTE EM RESTAURANTE BANCO DE DADOS - ALTO ALEGRE/MA,Alto Alegre - MA,Publicada em: 17/08/2023
Grupo Salta Educa√ß√£o,Analista de Dados - Contas a Receber,Rio de Jan... - RJ,Publicada em: 17/08/2023
NAVA | Technology for Business,Pessoa Engenheira de Dados,S√£o Paulo - SP,Publicada em: 17/08/2023
"LBCA - Lee, Brock, Camargo Advogados",Analista de Dados Jur√≠dicos,S√£o Paulo - SP,Publicada em: 17/08/2023
BP - A Benefic√™ncia Portuguesa de S√£o Paulo,Pessoa Analista de Dados Pleno,S√£o Paulo - SP,Publicada em: 17/08/2023
Radix Engenharia e Software,Profissional de Lideran√ßa T√©cnica de Dados,N√£o informado,Publicada em: 16/08/2023
LEAN SALES,Assistente De Dados,Itaja√≠ - SC,Publicada em: 16/08/2023
NAVA | Technology for Business,PESSOA ESPECIALISTA DE GOVERNAN√áA DE DADOS,S√£o Paulo - SP,Publicada em: 16/08/2023
Daniel Advogados,Cientista de Dados,Rio de Jan... - RJ,Publicada em: 16/08/2023
NAVA | Technology for Business,ANALISTA DLP e PROTE√á√ÉO DE DADOS SR,Osasco - SP,Publicada em: 16/08/2023
NAVA | Technology for Business,"ANALISTA DE PROTE√á√ÉO DE DADOS SR - DISCOVERY, PROTE√á√ÉO E CRIPTOGRAFIA",Osasco - SP,Publicada em: 16/08/2023
iK Ecossistema da Inova√ß√£o,Analista de dados,Rio de Jan... - RJ,Publicada em: 16/08/2023
Neoway,Pessoa Analista de Dados J√∫nior,N√£o informado,Publicada em: 16/08/2023
Instituto de Pesquisas ELDORADO,Analista de Dados Dogfooding,Manaus - AM,Publicada em: 16/08/2023
Stefanini Group,Administrador de Dados - AD,S√£o Paulo - SP,Publicada em: 16/08/2023
@novarotadooeste,ANALISTA DE DADOS PL,Cuiab√° - MT,Publicada em: 16/08/2023
GAVB,Pessoa Engenheira de dados II - Vaga afirmativa para mulheres (Cis e Trans),N√£o informado,Publicada em: 16/08/2023
KPMG Brasil,Analista de dados Sr - (People Analyst),S√£o Paulo - SP,Publicada em: 16/08/2023
Logcomex,Engenheiro de Dados Pleno,Curitiba - PR,Publicada em: 15/08/2023
Logcomex,Engenheiro de Dados JR,Curitiba - PR,Publicada em: 15/08/2023
Libbs Farmac√™utica,Analista de Engenharia de Dados Pleno,S√£o Paulo - SP,Publicada em: 15/08/2023
Andrade Maia Advogados,Analista de Dados J√∫nior,Porto Alegre - RS,Publicada em: 15/08/2023
Cencosud Brasil,Cientista de Dados (Cencosud) - S√£o Paulo/SP ü•ºüë®üèº‚Äçüî¨,S√£o Paulo - SP,Publicada em: 15/08/2023
Carreiras Alumia,Est√°gio em Dados,S√£o Paulo - SP,Publicada em: 15/08/2023
YDUQS,PESSOA ANALISTA COMERCIAL PLENA (FOCO EM DADOS),S√£o Paulo - SP,Publicada em: 15/08/2023
Trinus Co.,Analista de Intelig√™ncia de Dados - Gest√£o Imobili√°ria,Goi√¢nia - GO,Publicada em: 15/08/2023
Kangu,Analista de Dados PL - Presencial,Osasco - SP,Publicada em: 15/08/2023
BP - A Benefic√™ncia Portuguesa de S√£o Paulo,Pessoa Analista  Dados Sr - Proadi TeleNordeste,S√£o Paulo - SP,Publicada em: 15/08/2023
Performa IT,Analista de dados,Campinas - SP,Publicada em: 14/08/2023
Vagas Inmetrics,ANALISTA DE INTELIGENCIA DE DADOS PL (H√çBRIDO),S√£o Paulo - SP,Publicada em: 14/08/2023
SiMCo - Healthcare Platform,Analista de Intelig√™ncia Operacional e Dados Sr,Fortaleza - CE,Publicada em: 14/08/2023
Cogna Educa√ß√£o,PESSOA ESTAGIARIA - ANALISE DE DADOS R&S,Valinhos - SP,Publicada em: 14/08/2023
The Bridge Social,Engenheiro de Dados,N√£o informado,Publicada em: 14/08/2023
Grupo Botic√°rio,Especialista em Engenharia de Dados II (Produtos Digitais) - Vaga afirmativa para Pessoas Negras (pretas e pardas) e Mulheres (cis e trans),N√£o informado,Publicada em: 14/08/2023
Banco Bmg,Engenharia de Dados S√™nior,S√£o Paulo - SP,Publicada em: 14/08/2023
Grupo Botic√°rio,Especialista I ‚Äì Business Owner Dados & Insights | Vaga Afirmativa para Pessoas Negras (Pretas e Pardas),S√£o Paulo - SP,Publicada em: 14/08/2023
Bip Brasil,Pessoa Analista de Dados Pleno - Telecomunica√ß√µes,S√£o Paulo - SP,Publicada em: 14/08/2023
Leega Consultoria,Engenheiro de Dados Azure/Databricks S√™nior,S√£o Caetan... - SP,Publicada em: 14/08/2023
Vertigo Tecnologia,Desenvolvedor(a) em Python (Plataforma de Dados),Rio de Jan... - RJ,Publicada em: 14/08/2023
Modal - Estrat√©gia em Capta√ß√£o 360,Analista de Dados BI,Barueri - SP,Publicada em: 14/08/2023
J&T Express Brasil,Analista de dados (Financeiro)  - Bras√≠lia/DF,Bras√≠lia - DF,Publicada em: 14/08/2023
B. Braun Group,Especialista de Intelig√™ncia de Dados,Rio de Jan... - RJ,Publicada em: 14/08/2023
SiDi,Est√°gio em Engenharia de Dados,Campinas - SP,Publicada em: 14/08/2023
Aeris Energy,Banco de Dados - Profissionais com Defici√™ncia (PCD),Caucaia - CE,Publicada em: 14/08/2023
Cia Hering,CIA HERING | Especialista em An√°lise de Dados,S√£o Paulo - SP,Publicada em: 14/08/2023
Confidencial,ESTAGI√ÅRIO(A) - AN√ÅLISE DE DADOS,Rio de Jan... - RJ,Publicada em: 14/08/2023
Mutant,Analista Funcional de dados,S√£o Paulo - SP,Publicada em: 14/08/2023
J&T Express Brasil,"Analista de dados, Bras√≠lia/DF",Bras√≠lia - DF,Publicada em: 14/08/2023
Grupo Botic√°rio,Analista de Intelig√™ncia de Gest√£o de Estoque III (Gest√£o de Dados),Curitiba - PR,Publicada em: 14/08/2023
Corporativo - Agibank,ANALISTA DE PLANEJAMENTO DE VENDAS PLENO | √äNFASE EM DADOS  (H√çBRIDO CAMPINAS/SP),Campinas - SP,Publicada em: 14/08/2023
Barcelos,ASSISTENTE DE INTELIG√äNCIA DE DADOS/ CAMPOS DOS GOYTACAZES,Campos dos... - RJ,Publicada em: 11/08/2023
Mutant,Engenheiro de Dados Pleno,S√£o Paulo - SP,Publicada em: 11/08/2023
"Vagas, empregos, oportunidades",Cientista de Dados - Vaga Afirmativa para Mulheres,Joinville - SC,Publicada em: 11/08/2023
YDUQS - Vagas Tech,ANALISTA DE GOVERNAN√áA DE DADOS J√öNIOR,Rio de Jan... - RJ,Publicada em: 11/08/2023
Venha fazer parte da revolu√ß√£o da log√≠stica e mobilidade no mundo!,Estagio em Engenharia de Dados,Joinville - SC,Publicada em: 11/08/2023
YDUQS - Vagas Tech,PESSOA  ASSISTENTE DE AN√ÅLISE DE DADOS,Rio de Jan... - RJ,Publicada em: 11/08/2023
Neogrid Carreiras,Estagi√°rio Governan√ßa de Dados,S√£o Paulo - SP,Publicada em: 11/08/2023
Sumicity,Analista de dados Pleno,S√£o Paulo - SP,Publicada em: 11/08/2023
KOVI ‚ù§Ô∏è,Analista de Opera√ß√µes Pleno (dados) - zona sul de S√£o Paulo/SP,S√£o Paulo - SP,Publicada em: 11/08/2023
NAVA | Technology for Business,Pessoa Engenheira de Dados,S√£o Paulo - SP,Publicada em: 11/08/2023
Cielo,Est√°gio em An√°lise de Dados - ESG | Vaga Afirmativa para Mulheres Negras,Barueri - SP,Publicada em: 11/08/2023
P√°gina de Carreiras da Netbr,"Analista S√™nior de Seguran√ßa da Informa√ß√£o, Prote√ß√£o de dados e Suporte Interno",S√£o Paulo - SP,Publicada em: 11/08/2023
Datum TI,Pessoa Engenheira de Dados S√™nior,Porto Alegre - RS,Publicada em: 11/08/2023
Looqbox,Analista de Dados Pleno (Python Developer - Remoto),S√£o Paulo - SP,Publicada em: 11/08/2023
Trademaster,Product Owner S√™nior - Dados (H√≠brido),S√£o Paulo - SP,Publicada em: 11/08/2023
The Bridge Vagas,"Engenheiro de Dados Sr - Florian√≥polis, SC - Modelo H√≠brido",Florian√≥polis - SC,Publicada em: 10/08/2023
Vagas Peers,Data Engineer (Engenheiro de Dados),S√£o Paulo - SP,Publicada em: 10/08/2023
Lojas Renner,Pessoa Engenheira de Dados,Porto Alegre - RS,Publicada em: 10/08/2023
Grupo SEB,Analista de Privacidade de Dados,Ribeir√£o P... - SP,Publicada em: 10/08/2023
Stefanini Group,MODELAGEM DE DADOS - AD,Brasilia - DF,Publicada em: 10/08/2023
Votorantim Cimentos - Futuros Talentos,Estagi√°ria/ Estagi√°rio em Dados,Curitiba - PR,Publicada em: 10/08/2023
AllowMe,Cientista de dados,Recife - PE,Publicada em: 10/08/2023
GLOBAL HITSS,12828-Analista de Dados Digitais,S√£o Paulo - SP,Publicada em: 10/08/2023
Aliare,Est√°gio Suporte - Banco de Dados e Servi√ßos,Rio Verde - GO,Publicada em: 10/08/2023
YDUQS,PESSOA ANALISTA DE OPERA√á√ïES PLENO (MODELAGEM DE DADOS),Rio de Jan... - RJ,Publicada em: 10/08/2023
Seja Globalweb,ANALISTA DE BANCO DE DADOS SR,Bras√≠lia - DF,Publicada em: 10/08/2023
Seja Globalweb,ANALISTA DE BANCO DE DADOS SR,Fortaleza - CE,Publicada em: 10/08/2023
Seja Globalweb,ANALISTA DE BANCO DE DADOS PL,Bras√≠lia - DF,Publicada em: 10/08/2023
Credifoz,Analista de Produtos e Neg√≥cios II Foco em An√°lise de Dados | Itaja√≠,Itaja√≠ - SC,Publicada em: 10/08/2023
JDC Tech,Administrador de Banco de Dados Oracle,Belo Horiz... - MG,Publicada em: 09/08/2023
Tech Sicredi,Analista de Dados - Foco em Precifica√ß√£o de Cr√©dito,Porto Alegre - RS,Publicada em: 09/08/2023
JDC Tech,Engenheiro de Dados,N√£o informado,Publicada em: 09/08/2023
Poliedro Educa√ß√£o,Analista de Dados S√™nior,S√£o Jos√© d... - SP,Publicada em: 09/08/2023
Tech Sicredi,Cientista de Dados -  Foco Concess√£o de Cr√©dito,Porto Alegre - RS,Publicada em: 09/08/2023
https://www.linkedin.com/company/boston-metal-do-brasil/?viewAsMember=true,Analista de Dados,S√£o Jo√£o D... - MG,Publicada em: 09/08/2023
Porto,Analista de Intelig√™ncia de Dados S√™nior,S√£o Paulo - SP,Publicada em: 09/08/2023
MTP M√©todos e Tecnologia ‚Äì Brasil,553 - Analista de Dados Pleno,S√£o Paulo - SP,Publicada em: 09/08/2023
Confidencial,Engenheiro de Dados,Rio de Jan... - RJ,Publicada em: 09/08/2023
Minsait an Indra Company,Pessoa Engenheira de Dados S√™nior,Goi√¢nia - GO,Publicada em: 09/08/2023
Kangu,Analista de Dados PL,Osasco - SP,Publicada em: 09/08/2023
Serede,T√âCNICO DADOS I - S√ÉO PAULO,S√£o Paulo - SP,Publicada em: 09/08/2023
GAVB,Pessoa Engenheira de dados - [Especialista I - Tec],N√£o informado,Publicada em: 09/08/2023
Fa√ßa parte do time Mercantil,Assistente de Dados - RH,Belo Horiz... - MG,Publicada em: 09/08/2023
EXA,Engenheiro(a) de Dados,S√£o Paulo - SP,Publicada em: 09/08/2023
EtheriumTech - Cloud & Data Center,Administrador de Banco de Dados - DBA,Barueri - SP,Publicada em: 09/08/2023
Afya,AFYA SP | Pessoa Estagi√°ria em Ci√™ncias de Dados - Vaga afirmativa para Pessoas com Defici√™ncia (PCD),S√£o Paulo - SP,Publicada em: 08/08/2023
Seja Globalweb,ANALISTA DE BANCO DE DADOS SR,Fortaleza - CE,Publicada em: 08/08/2023
SindiLojas Porto Alegre,Analista de Dados - Economista,Porto Alegre - RS,Publicada em: 08/08/2023
Vetta Tecnologia,Analista de Dados - S√™nior,Belo Horiz... - MG,Publicada em: 08/08/2023
Confidencial,Administrador Banco de Dados Pl.,S√£o Jos√© d... - SP,Publicada em: 08/08/2023
V.tal | o futuro passa por aqui,Engenheiro de Dados I,S√£o Paulo - SP,Publicada em: 08/08/2023
Ita√∫ Unibanco,Carreiras de Dados  üß° Exclusiva para Profissionais com Defici√™ncia,Sao Paulo - SP,Publicada em: 08/08/2023
NAVA | Technology for Business,PESSOA ENGENHEIRA DE DADOS,N√£o informado,Publicada em: 08/08/2023
Bridge & Co.,Analista de Dados Pleno/S√™nior (BI),Rio de Jan... - RJ,Publicada em: 08/08/2023
KOVR,Analista de Dados Pleno,S√£o Paulo - SP,Publicada em: 08/08/2023
CTC,Administrador de Banco de Dados (Remoto),Rio de Jan... - RJ,Publicada em: 08/08/2023
Lojas Renner,Analista de Dados | Insights de Neg√≥cios,S√£o Paulo - SP,Publicada em: 08/08/2023
JDC Tech,Engenheiro de Dados S√™nior,N√£o informado,Publicada em: 08/08/2023
Light,Analista de Dados Junior,Rio de Jan... - RJ,Publicada em: 07/08/2023
YDUQS - Vagas Tech,PESSOA ESPECIALISTA (ENGENHEIRO DE DADOS),Rio de Jan... - RJ,Publicada em: 07/08/2023
MESHA TECNOLOGIA,L√≠der T√©cnico (Dados) - H√≠brido,Macei√≥ - AL,Publicada em: 07/08/2023
3CON | IT & Digital,Analista de Banco de Dados PostgreSQL,S√£o Paulo - SP,Publicada em: 07/08/2023
Bip Brasil,Analista de Dados Pleno - Manufacturing,S√£o Paulo - SP,Publicada em: 07/08/2023
MESHA TECNOLOGIA,Analista de Dados - H√≠brido (Macei√≥),Macei√≥ - AL,Publicada em: 07/08/2023
Bemobi,Est√°gio em Dados,Rio de Jan... - RJ,Publicada em: 07/08/2023
Stefanini Group,Cientista de Dados Pleno,Belo Horiz... - MG,Publicada em: 07/08/2023
Stefanini Group,Cientista de Dados Jr,Belo Horiz... - MG,Publicada em: 07/08/2023
Digio,Estagi√°rio de Dados e MIS,Barueri - SP,Publicada em: 07/08/2023
Stefanini Group,Analista de Dados,S√£o Jos√© d... - SP,Publicada em: 07/08/2023
Superl√≥gica Tecnologias,Pessoa Analista de Marketing Pleno - Foco em Dados,Londrina - PR,Publicada em: 07/08/2023
Omie,Engenheiro de Dados II,S√£o Paulo - SP,Publicada em: 07/08/2023
Conexia,Administrador de Banco de Dados,Ribeir√£o P... - SP,Publicada em: 07/08/2023
Montreal & Tecnologia & Inova√ß√£o,Administrador de Banco de Dados ADABAS/NATURAL - Regional RJ,Rio de Jan... - RJ,Publicada em: 07/08/2023
V360,"V360 - Est√°gio em Processos e Projetos, Dados e Gente e Gest√£o - ChegaMais",N√£o informado,Publicada em: 06/08/2023
Stefanini Group,ADMINISTRADOR DADOS SR - AD,Bras√£∆í√¢¬çlia - DF,Publicada em: 04/08/2023
Centro de Excel√™ncia Votorantim,ANALISTA DE DADOS,S√£o Paulo - SP,Publicada em: 04/08/2023
Tech Sicredi,Cientista de Dados - Foco em Investimentos,Porto Alegre - RS,Publicada em: 04/08/2023
Stormx,Pessoa Analista de Dados,S√£o Paulo - SP,Publicada em: 04/08/2023
Centro de Excel√™ncia Votorantim,CONSULTOR(A) DE DADOS,S√£o Paulo - SP,Publicada em: 04/08/2023
Radix Engenharia e Software,Profissional Analista de Dados Power BI S√™nior,N√£o informado,Publicada em: 04/08/2023
inventCloud,Cientista de Dados Especialista em Oracle - OCI,S√£o Paulo - SP,Publicada em: 04/08/2023
NAVA | Technology for Business,Pessoa Engenheira de Dados,S√£o Paulo - SP,Publicada em: 04/08/2023
Brasilseg,Especialista em Ci√™ncia de Dados / Data Science Specialist / Cientista de Dados / Data Scientist,S√£o Paulo - SP,Publicada em: 04/08/2023
Globo,Pessoa Analista de Dados S√™nior - Segmenta√ß√£o de audi√™ncias em First-Party Data - NIP | Mais pessoas negras na Globo! ‚úäüèæ,S√£o Paulo - SP,Publicada em: 03/08/2023
ACE Ventures,Est√°gio de Intelig√™ncia de Dados,S√£o Paulo - SP,Publicada em: 03/08/2023
Contabilizei Carreira Tech,Engenheiro de Dados S√™nior,N√£o informado,Publicada em: 03/08/2023
Contabilizei Carreira Tech,Analista de Dados Pleno,N√£o informado,Publicada em: 03/08/2023
Rede Verbita de Educa√ß√£o,Analista de Dados J√∫nior,Belo Horiz... - MG,Publicada em: 03/08/2023
CNP Seguradora,ESPECIALISTA DE DADOS,Barueri - SP,Publicada em: 03/08/2023
Confidencial,ANALISTA BUSINESS INTELLIGENCE PLENO - DADOS,Rio de Jan... - RJ,Publicada em: 03/08/2023
Nordica,Engenheiro de Dados,S√£o Paulo - SP,Publicada em: 03/08/2023
Venha fazer parte da revolu√ß√£o da log√≠stica e mobilidade no mundo!,People Ops Sr - Analista de Dados e Projetos,S√£o Paulo - SP,Publicada em: 03/08/2023
Venha fazer parte da revolu√ß√£o da log√≠stica e mobilidade no mundo!,People Ops Pl - Analista de Dados e Projetos,S√£o Paulo - SP,Publicada em: 03/08/2023
Aramis,Engenheiro de Dados - TI,S√£o Paulo - SP,Publicada em: 03/08/2023
Grupo Panvel,Analista de Planejamento Financeiro - √änfase em dados,Eldorado d... - RS,Publicada em: 03/08/2023
Central IT,ANALISTA DE BANCO DE DADOS PLENO,N√£o informado,Publicada em: 03/08/2023
Solutis Tecnologias LTDA,Engenheiro(a) de Dados (S√™nior),N√£o informado,Publicada em: 03/08/2023
Voke,Supervisor de Dados - S√£o Paulo,S√£o Paulo - SP,Publicada em: 03/08/2023
GAVB,Pessoa Especialista em Governan√ßa de Dados I,N√£o informado,Publicada em: 03/08/2023
Stefanini Group,Pessoa Engenheira de Dados,N√£o informado,Publicada em: 02/08/2023
BETC HAVAS,Supervisor(a) de dados,S√£o Paulo - SP,Publicada em: 02/08/2023
Infotec Brasil,Banco de Talentos - Engenheiro de Dados - Engenheiro de Aplica√ß√£o,Rio de Jan... - RJ,Publicada em: 02/08/2023
Infotec Brasil,Banco de Talentos - Engenheiro de Dados,Rio de Jan... - RJ,Publicada em: 02/08/2023
Dotz,ANALISTA DE DADOS J√öNIOR | RECUPERA√á√ÉO DE CR√âDITO,S√£o Paulo - SP,Publicada em: 02/08/2023
Vagas Valgroup,Analista de Dados,Lorena - SP,Publicada em: 02/08/2023
Vagas MRM Brasil,Analista de Dados Pleno Data Visualization (DATAVIS) - Freelancer,S√£o Paulo - SP,Publicada em: 02/08/2023
Vagas MRM Brasil,Analista de Dados Pleno Machine Learning (ML) - Freelancer,S√£o Paulo - SP,Publicada em: 02/08/2023
Senff,Analista de Dados Pleno,Curitiba - PR,Publicada em: 02/08/2023
Ita√∫ Unibanco,Fa√ßa sua Carreira de Dados no Ita√∫ üöÄüß°,Sao Paulo - SP,Publicada em: 02/08/2023
Qexpert,Analista de Dados J√∫nior,S√£o Paulo - SP,Publicada em: 02/08/2023
Convert Digital Business,Analista de Dados de Redes Sociais,S√£o Paulo - SP,Publicada em: 02/08/2023
Infotec Brasil,Analista de Dados - Maca√©/RJ,Maca√© - RJ,Publicada em: 02/08/2023
EloGroup,Processo Seletivo 2023.2 - Est√°gio em Engenharia de Dados & BI,N√£o informado,Publicada em: 01/08/2023
Quero Educa√ß√£o,Analista de Dados | J√∫nior,S√£o Jos√© d... - SP,Publicada em: 01/08/2023
FortBrasil,Engenheiro de Dados JR,Fortaleza - CE,Publicada em: 01/08/2023
PTC GROUP,Administrador de Dados,S√£o Paulo - SP,Publicada em: 01/08/2023
V8.TECH,Pessoa Arquiteta de Governan√ßa de Dados,N√£o informado,Publicada em: 01/08/2023
Portobello,Pessoa Especialista em Engenharia de Dados,Florian√≥polis - SC,Publicada em: 01/08/2023
BP - A Benefic√™ncia Portuguesa de S√£o Paulo,Analista de Intelig√™ncia de Mercado Pleno - (Foco em Dados),S√£o Paulo - SP,Publicada em: 01/08/2023
TROC,ANALISTA DE DADOS,Quatro Barras - PR,Publicada em: 01/08/2023
Strattner,Analista de Dados (SP/RJ/SC),Palho√ßa - SC,Publicada em: 01/08/2023
Colormaq,Analista de Dados E-commerce,S√£o Paulo - SP,Publicada em: 01/08/2023
Seja Globalweb,ARQUITETURA DE SISTEMAS DE DADOS,Fortaleza - CE,Publicada em: 01/08/2023
Smarthis,Cientista de Dados Junior,Rio de Jan... - RJ,Publicada em: 31/07/2023
Smarthis,Cientista de Dados S√™nior,Rio de Jan... - RJ,Publicada em: 31/07/2023
Smarthis,Engenheiro de Dados,Rio de Jan... - RJ,Publicada em: 31/07/2023
A3Data,Pessoa Engenheira de Dados S√™nior,Belo Horiz... - MG,Publicada em: 31/07/2023
YDUQS - Vagas Tech,PESSOA CIENTISTA DE DADOS (ESPECIALISTA),Rio de Jan... - RJ,Publicada em: 31/07/2023
YDUQS - Vagas Tech,PESSOA ENGENHEIRA DE DADOS (ESPECIALISTA),Rio de Jan... - RJ,Publicada em: 31/07/2023
alt.bank,Pessoa Cientista de Dados,S√£o Paulo - SP,Publicada em: 31/07/2023
Globo,Analista de Dados Pleno | Intelig√™ncia de Mercado - Dados & Servi√ßos,S√£o Paulo - SP,Publicada em: 31/07/2023
V4 Company,Analista de Dados Pleno | Time de Dados,S√£o Leopoldo - RS,Publicada em: 31/07/2023
Leega Consultoria,Engenheiro de Dados Azure Sr. ( Ingl√™s & Espanhol),S√£o Paulo - SP,Publicada em: 31/07/2023
OMNI SA√öDE,Analista de Dados & PowerBI,Goi√¢nia - GO,Publicada em: 31/07/2023
N√∫clea,Analista de Gest√£o de Dados Sr,S√£o Paulo - SP,Publicada em: 31/07/2023
Webedia Brasil,Analista de Dados Comerciais,S√£o Paulo - SP,Publicada em: 31/07/2023
ITAPEVA Recupera√ß√£o de Cr√©ditos,Trainee de Banco de Dados,S√£o Paulo - SP,Publicada em: 31/07/2023
Ra√≠zen,Analista de Dados S√™nior | Shell Box - Remoto,S√£o Paulo - SP,Publicada em: 31/07/2023
GLOBAL HITSS,13420-Pessoa Administradora de Banco de Dados,S√£o Paulo - SP,Publicada em: 28/07/2023
Zallpy Digital,Est√°gio de An√°lise de dados,Porto Alegre - RS,Publicada em: 28/07/2023
Join Tecnologia & Design,Analista de Dados JR,Bras√≠lia - DF,Publicada em: 28/07/2023
Vibra Energia,Gerente de Relacionamento com o Cliente - CRM e Dados,Rio de Jan... - RJ,Publicada em: 28/07/2023
#VempraFTD,Analista de Dados | Analytics,S√£o Paulo - SP,Publicada em: 28/07/2023
NAVA | Technology for Business,PESSOA ENGENHEIRA DE DADOS SR,S√£o Paulo - SP,Publicada em: 28/07/2023
GOL Linhas A√©reas,Analista de Dados II,S√£o Paulo - SP,Publicada em: 28/07/2023
Vagas MRM Brasil,Analista de Dados Pleno (AD) FREELANCER,S√£o Paulo - SP,Publicada em: 27/07/2023
Carreiras Alumia,Engenheiro de Dados Jr,S√£o Paulo - SP,Publicada em: 27/07/2023
Energisa TECH,ANL BANCO DADOS I,Cataguases - MG,Publicada em: 27/07/2023
Porto,Cientista de Dados Sr,S√£o Paulo - SP,Publicada em: 27/07/2023
Banco Bmg,Coordena√ß√£o em Ci√™ncia de Dados - IA,S√£o Paulo - SP,Publicada em: 27/07/2023
Central IT,Analista de banco de Dados,Bras√≠lia - DF,Publicada em: 27/07/2023
Somos BHS üíô,Pessoa Administradora de Banco de Dados J√∫nior (HomeOffice),Belo Horiz... - MG,Publicada em: 27/07/2023
Central Ailos,Analista de Gest√£o de Projetos II - Foco em Dados,Blumenau - SC,Publicada em: 27/07/2023
V8.TECH,Analista de Banco de Dados Oracle - S√™nior,N√£o informado,Publicada em: 27/07/2023
Stefanini Group,Analista de redes e de comunica√ß√£o de dados S√™nior - RJ,N√£o informado,Publicada em: 27/07/2023
Vibra Energia,Cientista de Dados Sr,Rio de Jan... - RJ,Publicada em: 27/07/2023
Stefanini Group,Administrador de banco de dados S√™nior -,N√£o informado,Publicada em: 27/07/2023
Stefanini Group,Administrador de Banco de Dados Pleno,N√£o informado,Publicada em: 27/07/2023
Seja Globalweb,ANALISTA DE BANCO DE DADOS SR,Bras√≠lia - DF,Publicada em: 27/07/2023
Seja Globalweb,ANALISTA DE INFRAESTRUTURA PL (SUPORTE EM AN√ÅLISE DE BANCO DE DADOS DE CAPACIDADE),Fortaleza - CE,Publicada em: 27/07/2023
Localiza&Co,ESPECIALISTA EM ENGENHARIA DE DADOS I,Belo Horiz... - MG,Publicada em: 27/07/2023
Localiza&Co,ENGENHEIRO DE DADOS III,Belo Horiz... - MG,Publicada em: 27/07/2023
DB,Dev Node.js Pl - Segmento de Intelig√™ncia de Dados,S√£o Paulo - SP,Publicada em: 26/07/2023
MTP M√©todos e Tecnologia ‚Äì Brasil,534 - Trainee Inova√ß√£o & Dados,S√£o Paulo - SP,Publicada em: 26/07/2023
Strada,Gerente de Dados e Novos Neg√≥cios,S√£o Paulo - SP,Publicada em: 26/07/2023
MESHA TECNOLOGIA,Analista de Dados,Macei√≥ - AL,Publicada em: 26/07/2023
Leega Consultoria,Engenheiro de Dados GCP S√™nior (Big Query / DataFlow),Barueri - SP,Publicada em: 26/07/2023
VR,ESPECIALISTA EM CI√äNCIA DE DADOS,S√£o Paulo - SP,Publicada em: 25/07/2023
Talentos Hapvida,Oportunidade Interna - Analista de Dados Junior - Auditoria Interna,Fortaleza - CE,Publicada em: 25/07/2023
Vitru Education,"Professor-Autor - Ci√™ncia de Dados, Intelig√™ncia Artificial e Novas Tecnologias",Florian√≥polis - SC,Publicada em: 25/07/2023
Neos,Analista de BI/Dados Pleno,S√£o Paulo - SP,Publicada em: 25/07/2023
Hapvida NotreDame Interm√©dica,Analista de Dados Junior - Auditoria Interna,Fortaleza - CE,Publicada em: 25/07/2023
NC Tech,Banco de Talentos - Especialista em Dados,Hortol√¢ndia - SP,Publicada em: 25/07/2023
V.tal | o futuro passa por aqui,Analista de Dados (Performance Operacional) - Porto Alegre/RS,N√£o informado,Publicada em: 25/07/2023
Hospital S√£o Lucas da PUCRS,CIENTISTA DE DADOS S√äNIOR,Porto Alegre - RS,Publicada em: 25/07/2023
SLC Agr√≠cola,Analista de Suprimentos (Intelig√™ncia de dados),Porto Alegre - RS,Publicada em: 25/07/2023
PreparaRH,Analista de Dados J√∫nior,Ara√ßatuba - SP,Publicada em: 25/07/2023
Afya,AFYA BH | Analista de Dados Educacionais S√™nior,Belo Horiz... - MG,Publicada em: 25/07/2023
GAV Resorts,Estagio em Ci√™ncias de Dados,Goi√¢nia - GO,Publicada em: 24/07/2023
Unicred Central RJ/MT,Estagi√°rio em An√°lise de Dados,Rio de Jan... - RJ,Publicada em: 24/07/2023
JDC Tech,Engenheiro de Dados Pleno,N√£o informado,Publicada em: 24/07/2023
Empresa de Tecnologia,Engenheiro de Dados,S√£o Paulo - SP,Publicada em: 21/07/2023
Atento TI,Analista de Dados Pleno - S√£o Paulo - H√≠brido,N√£o informado,Publicada em: 21/07/2023
Vagas MRM Brasil,Diretora de Estrat√©gia e Dados - Foco CRM,S√£o Paulo - SP,Publicada em: 21/07/2023
Claro,Cientista De Dados J√∫nior,Sao Paulo - SP,Publicada em: 21/07/2023
GAVB,Pessoa Engenheira de dados III,N√£o informado,Publicada em: 21/07/2023
Cidade Center Norte,"Advogado(a) S√™nior (Compliance, Integridade e Privacidade de Dados)",S√£o Paulo - SP,Publicada em: 21/07/2023
GRUPO LUIZ HOHL / CASA DO PICA PAU,Analista de Dados,Goi√¢nia - GO,Publicada em: 21/07/2023
Bip Brasil,Pessoa Engenheira de Dados S√™nior - Servi√ßos Financeiros,S√£o Paulo - SP,Publicada em: 21/07/2023
Locaweb,Analista de Dados Jr - modelo de trabalho h√≠brido (vaga exclusiva para PCD),S√£o Paulo - SP,Publicada em: 20/07/2023
Midea Carrier,Arquiteto de Dados | S√£o Paulo,S√£o Paulo - SP,Publicada em: 20/07/2023
Farm√°cias APP,Analista de Dados SR,N√£o informado,Publicada em: 20/07/2023
DUX Nutrition Lab,Analista de Dados Pleno,S√£o Paulo - SP,Publicada em: 20/07/2023
Cielo,Engenheiro de Dados,Barueri - SP,Publicada em: 20/07/2023
DUX Nutrition Lab,Analista de Dados S√™nior,S√£o Paulo - SP,Publicada em: 20/07/2023
Leve Sa√∫de,Cientista de Dados,Rio de Jan... - RJ,Publicada em: 20/07/2023
GAV Resorts,Analista de Engenharia de Dados Pleno,Goi√¢nia - GO,Publicada em: 20/07/2023
MAGNA SISTEMAS,5180343 | Analista de Dados PL,S√£o Paulo - SP,Publicada em: 20/07/2023
Quality Digital,5176118 - ENGENHEIRO DE DADOS AWS,Rio de Jan... - RJ,Publicada em: 20/07/2023
Cacau Show,Analista de Banco de Dados S√™nior,Itapevi - SP,Publicada em: 20/07/2023
Cacau Show,Analista de Banco de Dados Pleno,Itapevi - SP,Publicada em: 20/07/2023
Confidencial,Analista de Dados (S√™nior),N√£o informado,Publicada em: 20/07/2023
Musa Tecnologia,Pessoa Analista de Dados Pleno,S√£o Paulo - SP,Publicada em: 20/07/2023
Pmweb,Analista de Banco de dados,Porto Alegre - RS,Publicada em: 20/07/2023
Getrak.com,Head de Dados,Belo Horiz... - MG,Publicada em: 19/07/2023
Corporativo - Agibank,ANALISTA DE PRIVACIDADE DE DADOS PLENO (HIBRIDO CAMPINAS/SP),Campinas - SP,Publicada em: 19/07/2023
GLOBAL HITSS,10109-Cientista de Dados,Bras√≠lia - DF,Publicada em: 19/07/2023
GLOBAL HITSS,12852-Pessoa Administradora de Banco de Dados,Bras√≠lia - DF,Publicada em: 19/07/2023
Grupo Petlove,Est√°gio em Eng de Dados (Vaga afirmativa para mulheres),S√£o Paulo - SP,Publicada em: 19/07/2023
Fa√ßa parte do time Mercantil,Analista de Dados Cliente Junior,Belo Horiz... - MG,Publicada em: 18/07/2023
Stefanini Group,ADMINISTRADOR BANCO DADOS PL,Sao Paulo - SP,Publicada em: 18/07/2023
Daiichi Sankyo Brasil Farmac√™utica,Especialista em Engenharia de Dados,S√£o Paulo - SP,Publicada em: 18/07/2023
Unidades V4 Company,Analista de BI | Dados | V4 + Verderosi&CO,S√£o Carlos - SP,Publicada em: 18/07/2023
Monte Carlo Joias,Estagi√°rio de An√°lise de Dados,Rio de Jan... - RJ,Publicada em: 18/07/2023
GRUPO COMETA,AGENTE DE AN√ÅLISE DE DADOS/ EC,Caceres - MT,Publicada em: 18/07/2023
Supernova,Analista de Dados,Goi√¢nia - GO,Publicada em: 18/07/2023
GLOBAL HITSS,12851-Pessoa Administradora de Dados,Bras√≠lia - DF,Publicada em: 18/07/2023
Talentos Hapvida,Oportunidade Interna - Analista de Dados Pl,Fortaleza - CE,Publicada em: 18/07/2023
Hapvida NotreDame Interm√©dica,Analista de Dados Pl,Fortaleza - CE,Publicada em: 18/07/2023
PagBank,Analista de Cientista de Dados Sr.,Sao Paulo - SP,Publicada em: 18/07/2023
CVC Corp,PESSOA COORDENADORA DE DADOS,Santo Andr√© - SP,Publicada em: 17/07/2023
Recrutamento para √°rea de tecnologia com Fit Cultural e Ader√™ncia T√©cnica.,Gerente de Dados,S√£o Paulo - SP,Publicada em: 17/07/2023
Visagio,Visagio Talentos - Est√°gio: Tecnologia | Automa√ß√£o e Dados Recife,Recife - PE,Publicada em: 17/07/2023
Visagio,Visagio Talentos - Est√°gio: Tecnologia | Automa√ß√£o e Dados Fortaleza,Fortaleza - CE,Publicada em: 17/07/2023
Visagio,Visagio Talentos - Est√°gio: Tecnologia | Automa√ß√£o e Dados SP,S√£o Paulo - SP,Publicada em: 17/07/2023
The Bridge Vagas,Analista de Dados SR - H√≠brido (S√£o Paulo/SP),S√£o Paulo - SP,Publicada em: 17/07/2023
Visagio,Visagio Talentos - Est√°gio: Tecnologia | Automa√ß√£o e Dados RJ,Rio de Jan... - RJ,Publicada em: 17/07/2023
GLOBAL HITSS,12853-Pessoa Administradora de Banco de Dados,Bras√≠lia - DF,Publicada em: 17/07/2023
Olist,Analista de Neg√≥cios e Dados Pleno,S√£o Paulo - SP,Publicada em: 17/07/2023
GLOBAL HITSS,13264-Pessoa Administradora de Banco de Dados,Bras√≠lia - DF,Publicada em: 17/07/2023
GLOBAL HITSS,13268-Pessoa Administradora de Banco de Dados,Bras√≠lia - DF,Publicada em: 17/07/2023
CantuStore,Engenheiro de Dados PL,Itaja√≠ - SC,Publicada em: 17/07/2023
Vem ser Tahto,ANALISTA SENIOR DE DADOS E INDICADORES DA QUALIDADE - GOI√ÇNIA/GO | STAFF,Goi√¢nia - GO,Publicada em: 14/07/2023
GnTech,Analista de Dados,Florian√≥polis - SC,Publicada em: 14/07/2023
Afya,PEBMED | Analista de Dados J√∫nior (Vaga Exclusiva para Profissionais com Defici√™ncia),Rio de Jan... - RJ,Publicada em: 14/07/2023
Oportunidades T-Systems,ANALISTA BANCO DE DADOS - ORACLE,Sao Bernar... - SP,Publicada em: 14/07/2023
Vivo Digital,Administrador de Banco De Dados Senior,S√£o Paulo - SP,Publicada em: 14/07/2023
Wake,Especialista em Banco de Dados (DBA) - Modelo de Trabalho H√≠brido,N√£o informado,Publicada em: 14/07/2023
wemobi,Est√°gio em Gerenciamento de Dados Comerciais,Barueri - SP,Publicada em: 14/07/2023
Ambipar Response ES S/A,AMBIPAR RESPONSE CONTROL - Analista de Dados - Homeoffice,Vit√≥ria - ES,Publicada em: 14/07/2023
Stormx,Pessoa Engenheira de Dados,S√£o Paulo - SP,Publicada em: 14/07/2023
Cielo,Analista S√™nior em Governan√ßa de Dados,Barueri - SP,Publicada em: 14/07/2023
GLOBAL HITSS,13259-Pessoa Administradora de Dados,Bras√≠lia - DF,Publicada em: 13/07/2023
GLOBAL HITSS,13260-Pessoa Administradora de Dados,Bras√≠lia - DF,Publicada em: 13/07/2023
Grupo N√≥s,Analista de Dados Pleno,S√£o Paulo - SP,Publicada em: 13/07/2023
Ra√≠zen,Cientista de Dados- Combust√≠veis,S√£o Paulo - SP,Publicada em: 13/07/2023
Addebirare,Analista de Dados | Planejamento Comercial,S√£o Paulo - SP,Publicada em: 13/07/2023
Barcelos,AUXILIAR DE PROCESSAMENTO E DADOS,S√£o Jo√£o d... - RJ,Publicada em: 12/07/2023
Grupo Botic√°rio,Analista de Dados de Marketing Digital II,S√£o Paulo - SP,Publicada em: 12/07/2023
Join Tecnologia & Design,Analista de Dados (Python),Bras√≠lia - DF,Publicada em: 12/07/2023
Zallpy Digital,Analista de Dados/BI J√öNIOR - H√≠brido (POA ou RJ),Porto Alegre - RS,Publicada em: 12/07/2023
Leega Consultoria,Engenheiro de Dados GCP - S√™nior,S√£o Paulo - SP,Publicada em: 12/07/2023
Seja Every seguran√ßa da informa√ß√£o cybersecurity Every #SerFeliz LGPD GRC gerenciamento de risco inova√ß√£o Every TI VempraEvery Vem pra Every,Analista J√∫nior de Privacidade de Dados,Bras√≠lia - DF,Publicada em: 12/07/2023
Grupo Botic√°rio,Especialista de Dados I (Trade Marketing) - Vaga Afirmativa para Pessoas Negras (pretas e pardas),Sao Jose d... - PR,Publicada em: 11/07/2023
GT Group,Est√°gio em An√°lise de Dados,Florian√≥polis - SC,Publicada em: 11/07/2023
Stefanini Group,ADMINISTRADOR BANCO DADOS PL,Bras√£∆í√¢¬çlia - DF,Publicada em: 11/07/2023
Bip Brasil,Pessoa Especialista em Ci√™ncia de Dados,S√£o Paulo - SP,Publicada em: 11/07/2023
Bip Brasil,Pessoa Cientista de Dados S√™nior - Valida√ß√£o de Modelos,S√£o Paulo - SP,Publicada em: 11/07/2023
Trabalhe na Mills,Especialista de Dados,S√£o Paulo - SP,Publicada em: 11/07/2023
Grendene,Analista de Dados I,Farroupilha - RS,Publicada em: 11/07/2023
Pif Paf Alimentos Est√°gio,Estagi√°rio(a) de Dados,Belo Horiz... - MG,Publicada em: 11/07/2023
IPNET Growth Partner,Engenheiro de Dados S√™nior,Rio de Jan... - RJ,Publicada em: 10/07/2023
NAVA | Technology for Business,Pessoa Engenheira de Dados (Scala),S√£o Paulo - SP,Publicada em: 10/07/2023
Barcelos,Assistente de Intelig√™ncia de dados,Campos dos... - RJ,Publicada em: 10/07/2023
Foresea,Analista de Dados I | Data Analyst I,Maca√© - RJ,Publicada em: 09/07/2023
Getnet Brasil,Pessoa Arquiteta de Dados,S√£o Paulo - SP,Publicada em: 07/07/2023
Getnet Brasil,Pessoa Engenheira de Dados PL,S√£o Paulo - SP,Publicada em: 07/07/2023
Globo,Analista de Banco de Dados | DBDevOps,Rio de Jan... - RJ,Publicada em: 07/07/2023
Ajinomoto do Brasil,Analista de Dados & Intelig√™ncia comercial,S√£o Paulo - SP,Publicada em: 07/07/2023
VIACERTA Banking,Cientista de Dados S√™nior,Santo Cristo - RS,Publicada em: 07/07/2023
Barcelos,OPERADOR DE PROCESSAMENTOS DE DADOS - CAMPOS DOS GOYTACAZES/RJ,Campos dos... - RJ,Publicada em: 06/07/2023
GLOBAL HITSS,11619-Analista de Dados (BI),Campinas - SP,Publicada em: 06/07/2023
Ambev Tech,Engenharia de Dados - Financeiro (Anaplan),N√£o informado,Publicada em: 06/07/2023
GOVERNAN√áABRASIL - GOVBR,Analista de Dados Jr,Blumenau - SC,Publicada em: 06/07/2023
ORIZON VR,Analista de Dados,S√£o Paulo - SP,Publicada em: 06/07/2023
Algar Telecom,Pessoa Analista de Seguran√ßa da Informa√ß√£o II (Aplica√ß√µes e Dados),Uberlandia - MG,Publicada em: 06/07/2023
JBS,Analista de BI/Dados ‚Äì S√™nior/Especialista,S√£o Paulo - SP,Publicada em: 06/07/2023
Unicred Central Conex√£o,Cientista de Dados | Florian√≥polis,Florian√≥polis - SC,Publicada em: 06/07/2023
Porto,Cientista de Dados J√∫nior ‚Äì Pesquisa Operacional,S√£o Paulo - SP,Publicada em: 05/07/2023
Energisa TECH,ENGENHEIRO DADOS I,Rio de Jan... - RJ,Publicada em: 05/07/2023
Claranet Brasil,Administrador (a) de Banco de Dados Oracle Sr.,Barueri - SP,Publicada em: 05/07/2023
J&T Express Brasil,Analista de dados,Florian√≥polis - SC,Publicada em: 05/07/2023
A3Data,Pessoa Cientista de Dados S√™nior (H√≠brido RMBH),Belo Horiz... - MG,Publicada em: 04/07/2023
GLOBAL HITSS,13379-Cientista de Dados,Bras√≠lia - DF,Publicada em: 04/07/2023
Seg Imob Seguros Imobili√°rios,Administrador de Banco de Dados,Uberl√¢ndia - MG,Publicada em: 04/07/2023
Stefanini Group,ADMINISTRADOR BANCO DADOS SR,Rio de Jan... - RJ,Publicada em: 04/07/2023
GLOBAL HITSS,12455-Cientista de Dados,S√£o Paulo - SP,Publicada em: 04/07/2023
HS FINANCEIRA S/A - CFI,Analista de Dados JR - HS Financeira,Dois Irm√£os - RS,Publicada em: 04/07/2023
Vem ser Tahto,ESPECIALISTA EM ENGENHARIA DE DADOS - GOI√ÇNIA/GO | STAFF,Goi√¢nia - GO,Publicada em: 04/07/2023
Unidades V4 Company,Analista de Dados - RPZ & Co (Presencial),S√£o Jos√© d... - SP,Publicada em: 03/07/2023
Stefanini Group,Administrador de Dados,N√£o informado,Publicada em: 03/07/2023
Minsait an Indra Company,Engenheiro de Dados S√™nior,Goiania - GO,Publicada em: 03/07/2023
N√∫clea,Assistente de An√°lise de Dados - Vaga PCD,S√£o Paulo - SP,Publicada em: 30/06/2023
Contabilizei,Analista de Dados Pleno,N√£o informado,Publicada em: 30/06/2023
Porto,Analista de Intelig√™ncia de Dados Pleno,S√£o Paulo - SP,Publicada em: 30/06/2023
Cogna Educa√ß√£o,ENGENHEIRO DADOS IV,S√£o Paulo - SP,Publicada em: 29/06/2023
Saber Educa√ß√£o,ANALISTA DE DADOS III,S√£o Paulo - SP,Publicada em: 29/06/2023
N√∫clea,Assistente Cientista de Dados - Vaga PCD,S√£o Paulo - SP,Publicada em: 29/06/2023
NAVA | Technology for Business,PESSOA ANALISTA DE DADOS SR - Riscos/Intelig√™ncia,S√£o Paulo - SP,Publicada em: 28/06/2023
Cielo,Analista de Dados Sr,Barueri - SP,Publicada em: 28/06/2023
REDE CACIQUE,FRENTISTA - Baixa Grande do Ribeiro/PI (BANCO DE DADOS),Baixa Gran... - PI,Publicada em: 28/06/2023
Samsung SDS Latin America,Cientista de Dados,S√£o Paulo - SP,Publicada em: 27/06/2023
Seja Every seguran√ßa da informa√ß√£o cybersecurity Every #SerFeliz LGPD GRC gerenciamento de risco inova√ß√£o Every TI VempraEvery Vem pra Every,Analista S√™nior de Privacidade de Dados,Bras√≠lia - DF,Publicada em: 27/06/2023
Seja Every seguran√ßa da informa√ß√£o cybersecurity Every #SerFeliz LGPD GRC gerenciamento de risco inova√ß√£o Every TI VempraEvery Vem pra Every,Analista Pleno de Privacidade de Dados,Bras√≠lia - DF,Publicada em: 27/06/2023
Instituto de Pesquisas ELDORADO,Est√°gio para Analista de Dados,Manaus - AM,Publicada em: 26/06/2023
CONEXA,Cientista de Dados S√™nior,Rio de Jan... - RJ,Publicada em: 26/06/2023
Benner,Analista de Banco de Dados PL,Maring√° - PR,Publicada em: 26/06/2023
Brasilprev,BANCO DE TALENTOS - Tecnologia e Dados,S√£o Paulo - SP,Publicada em: 26/06/2023
Agrofel Gr√£os e Insumos,Banco de dados | Gerente de Unidade,N√£o informado,Publicada em: 24/06/2023
Agrofel Gr√£os e Insumos,Banco de Dados | Assistente Administrativo e Estoque,N√£o informado,Publicada em: 24/06/2023
Agrofel Gr√£os e Insumos,Banco de Dados | Consultor Comercial,N√£o informado,Publicada em: 24/06/2023
Fa√ßa parte do time Mercantil,Analista de Dados de Controladoria Pleno,Belo Horiz... - MG,Publicada em: 23/06/2023
B. Braun Group,Especialista de Intelig√™ncia de Dados,Rio de Jan... - RJ,Publicada em: 23/06/2023
Oficial Atakarejo,COORDENADOR DE INTELIGENCIA DE DADOS,Salvador - BA,Publicada em: 23/06/2023
Agrofel Gr√£os e Insumos,Banco de Dados | Coordenador Administrativo,N√£o informado,Publicada em: 22/06/2023
Agrofel Gr√£os e Insumos,Banco de dados | Coordenador Comercial,N√£o informado,Publicada em: 22/06/2023
Opice Blum Advogados Associados,Advogado(a) S√™nior | Prote√ß√£o de Dados,S√£o Paulo - SP,Publicada em: 22/06/2023
YDUQS,PESSOA ANALISTA EM GEST√ÉO DE SERVI√áOS PLENA (DADOS),Rio de Jan... - RJ,Publicada em: 22/06/2023
Grupo Botic√°rio,Especialista em Arquitetura de Dados II (Produtos Digitais),N√£o informado,Publicada em: 22/06/2023
Embraer,Cientista de Dados JR/PL,S√£o Jos√© d... - SP,Publicada em: 22/06/2023
OMNI Brasil,Estagi√°rio de Dados,S√£o Paulo - SP,Publicada em: 20/06/2023
Ambipar Response ES S/A,AMBIPAR RESPONSE CONTROL - Digitador de Dados,Vit√≥ria - ES,Publicada em: 20/06/2023
Riachuelo,Administrador de Banco de Dados S√™nior,S√£o Paulo - SP,Publicada em: 20/06/2023
Hapvida NotreDame Interm√©dica,Estagi√°rio de Direito (Privacidade e Prote√ß√£o de Dados),Fortaleza - CE,Publicada em: 20/06/2023
Grupo Refriko,Analista de Dados,Camb√© - PR,Publicada em: 20/06/2023
Confidencial079921,Analista de Sistemas S√™nior (Dados),Rio de Jan... - RJ,Publicada em: 20/06/2023
Stefanini Group,ADMINISTRADOR DE BANCO DE DADOS S√äNIOR,Rio de Jan... - RJ,Publicada em: 19/06/2023
Light,T√©cnico Jr (An√°lise de Dados),Nova Igua√ßu - RJ,Publicada em: 19/06/2023
Datum TI,Pessoa Engenheira de Dados AWS Pleno,S√£o Paulo - SP,Publicada em: 19/06/2023
SBT,Engenheiro de Dados S√™nior,Osasco - SP,Publicada em: 19/06/2023
Ita√∫ Unibanco,Analista S√™nior de Business Intelligence (BI) e Dados - CONS√ìRCIO,Sao Paulo - SP,Publicada em: 16/06/2023
Qexpert,Engenheiro de Dados - DataOps - S√™nior,S√£o Paulo - SP,Publicada em: 16/06/2023
Cadastra,Engenheiro de Dados - DataOps - S√™nior,S√£o Paulo - SP,Publicada em: 15/06/2023
NAVA | Technology for Business,PESSOA ENGENHEIRA DE DADOS,S√£o Paulo - SP,Publicada em: 15/06/2023
Superl√≥gica Tecnologias,Pessoa Analista de Marketing S√™nior - Foco em Dados,Campinas - SP,Publicada em: 15/06/2023
200DEV,Engenheiro (a) de Dados S√™nior,S√£o Paulo - SP,Publicada em: 15/06/2023
Porto,Analista de Engenharia de Dados S√™nior,S√£o Paulo - SP,Publicada em: 14/06/2023
J&T Express Brasil,Analista de dados (BI) Sr.,S√£o Paulo - SP,Publicada em: 14/06/2023
Webmotors,Pessoa Engenheira de Dados (S√™nior),S√£o Paulo - SP,Publicada em: 14/06/2023
Grupo L'Occitane,Analista de Integra√ß√£o e Engenharia de Dados,S√£o Paulo - SP,Publicada em: 12/06/2023
Somos Educa√ß√£o,SOMOS - ANALISTA DADOS II (ESTAT√çSTICO),S√£o Paulo - SP,Publicada em: 09/06/2023
Franq,Analista de Dados Pleno,Florian√≥polis - SC,Publicada em: 09/06/2023
Grupo SBF,Pessoa Arquiteta de Dados,N√£o informado,Publicada em: 09/06/2023